{"accuracy": [0.31542783975601196], "loss": [2.3918724060058594], "val_accuracy": [0.648133397102356], "val_loss": [1.1062064170837402]}